blocks_appeared,num_keys
1,25382837
2,5113163
3,1218961
4,779236
5,386151
6,314178
7,191727
8,172774
9,115974
10,112247
11,79409
12,76149
13,58997
14,61221
15,47278
16,46827
17,39168
18,37230
19,31308
20,29307
21,25777
22,26913
23,24332
24,23297
25,19423
26,18393
27,16830
28,16504
29,14838
30,14163
31,13259
32,12954
33,11693
34,11704
35,10811
36,11038
37,10076
38,10717
39,9746
40,9439
41,8766
42,8941
43,8083
44,7821
45,7246
46,7139
47,6682
48,7128
49,5831
50,5957
51,5732
52,5583
53,5508
54,5232
55,4971
56,4985
57,4656
58,4728
59,4513
60,4340
61,4377
62,4279
63,4204
64,4026
65,3981
66,3779
67,3659
68,3466
69,3642
70,3355
71,3353
72,3296
73,3304
74,3326
75,3044
76,3007
77,2869
78,2958
79,3328
80,3139
81,2825
82,2739
83,2612
84,2748
85,2524
86,2567
87,2474
88,2530
89,2447
90,2373
91,2450
92,2289
93,2038
94,2146
95,2890
96,2079
97,1929
98,2066
99,1833
100,1933
101,1937
102,1846
103,1683
104,1720
105,1601
106,1664
107,1634
108,1470
109,1399
110,1625
111,1383
112,1425
113,1481
114,1588
115,1305
116,1532
117,1343
118,1365
119,1292
120,1248
121,1273
122,1131
123,1213
124,1153
125,1139
126,1645
127,1564
128,3004
129,1263
130,1246
131,1026
132,1081
133,995
134,895
135,1093
136,1018
137,1303
138,940
139,897
140,1218
141,865
142,878
143,796
144,797
145,743
146,757
147,809
148,860
149,808
150,830
151,701
152,723
153,688
154,679
155,705
156,655
157,727
158,723
159,633
160,708
161,626
162,735
163,695
164,644
165,643
166,929
167,835
168,1351
169,796
170,856
171,817
172,600
173,511
174,653
175,629
176,557
177,582
178,624
179,485
180,474
181,569
182,530
183,492
184,454
185,518
186,475
187,471
188,515
189,477
190,464
191,435
192,409
193,447
194,439
195,430
196,467
197,468
198,467
199,439
200,509
201,389
202,406
203,480
204,359
205,454
206,421
207,389
208,334
209,379
210,347
211,387
212,358
213,363
214,398
215,341
216,445
217,419
218,336
219,317
220,367
221,267
222,330
223,300
224,321
225,352
226,370
227,319
228,327
229,471
230,321
231,343
232,376
233,271
234,319
235,344
236,260
237,277
238,424
239,236
240,354
241,322
242,319
243,273
244,247
245,339
246,336
247,307
248,280
249,248
250,268
251,243
252,279
253,281
254,262
255,279
256,264
257,221
258,214
259,233
260,217
261,291
262,208
263,205
264,219
265,198
266,235
267,241
268,205
269,223
270,209
271,334
272,211
273,256
274,213
275,307
276,348
277,277
278,189
279,210
280,184
281,208
282,201
283,297
284,220
285,262
286,221
287,193
288,236
289,257
290,266
291,240
292,238
293,245
294,214
295,306
296,254
297,275
298,223
299,267
300,290
301,245
302,198
303,263
304,232
305,162
306,174
307,159
308,252
309,160
310,149
311,227
312,200
313,173
314,183
315,178
316,191
317,210
318,209
319,165
320,156
321,171
322,201
323,151
324,183
325,164
326,289
327,237
328,358
329,476
330,465
331,237
332,158
333,221
334,257
335,210
336,163
337,182
338,208
339,184
340,158
341,178
342,127
343,160
344,159
345,171
346,194
347,206
348,186
349,131
350,159
351,172
352,146
353,136
354,179
355,142
356,115
357,136
358,130
359,107
360,130
361,138
362,131
363,113
364,146
365,112
366,113
367,156
368,155
369,140
370,91
371,132
372,105
373,112
374,111
375,93
376,144
377,130
378,86
379,119
380,95
381,123
382,136
383,150
384,107
385,126
386,116
387,87
388,150
389,123
390,91
391,118
392,114
393,118
394,121
395,109
396,121
397,184
398,90
399,99
400,104
401,104
402,124
403,102
404,88
405,114
406,115
407,111
408,245
409,139
410,95
411,137
412,99
413,304
414,187
415,222
416,79
417,100
418,93
419,98
420,117
421,67
422,55
423,84
424,88
425,75
426,101
427,73
428,82
429,87
430,77
431,79
432,71
433,119
434,78
435,89
436,123
437,231
438,172
439,83
440,91
441,123
442,107
443,95
444,64
445,91
446,79
447,96
448,65
449,66
450,84
451,115
452,110
453,112
454,113
455,76
456,110
457,84
458,74
459,72
460,83
461,78
462,72
463,90
464,111
465,58
466,59
467,78
468,72
469,69
470,54
471,99
472,60
473,43
474,69
475,81
476,51
477,62
478,62
479,51
480,59
481,71
482,74
483,73
484,79
485,52
486,83
487,80
488,57
489,59
490,86
491,69
492,71
493,39
494,62
495,53
496,66
497,63
498,80
499,77
500,96
501,106
502,69
503,66
504,55
505,95
506,60
507,63
508,56
509,61
510,37
511,56
512,46
513,61
514,44
515,73
516,62
517,45
518,57
519,57
520,48
521,47
522,52
523,50
524,52
525,76
526,40
527,27
528,72
529,48
530,52
531,74
532,63
533,48
534,50
535,33
536,51
537,68
538,42
539,44
540,30
541,38
542,77
543,58
544,37
545,56
546,69
547,52
548,45
549,72
550,26
551,66
552,46
553,40
554,60
555,29
556,37
557,54
558,44
559,68
560,64
561,30
562,72
563,64
564,76
565,49
566,54
567,64
568,42
569,46
570,41
571,38
572,40
573,29
574,29
575,34
576,72
577,63
578,63
579,52
580,63
581,136
582,39
583,50
584,45
585,53
586,45
587,65
588,43
589,60
590,51
591,75
592,52
593,41
594,46
595,67
596,60
597,46
598,48
599,29
600,59
601,45
602,32
603,39
604,33
605,65
606,53
607,56
608,40
609,81
610,32
611,60
612,62
613,62
614,46
615,59
616,71
617,81
618,27
619,43
620,21
621,51
622,48
623,60
624,44
625,44
626,29
627,32
628,51
629,33
630,36
631,53
632,58
633,55
634,52
635,55
636,43
637,46
638,68
639,38
640,42
641,55
642,49
643,46
644,43
645,36
646,39
647,36
648,43
649,49
650,30
651,41
652,69
653,26
654,51
655,35
656,37
657,49
658,36
659,38
660,46
661,14
662,26
663,19
664,47
665,56
666,42
667,50
668,43
669,61
670,52
671,39
672,43
673,32
674,58
675,35
676,43
677,32
678,30
679,39
680,43
681,47
682,18
683,28
684,27
685,36
686,87
687,64
688,36
689,44
690,43
691,30
692,33
693,53
694,35
695,37
696,45
697,67
698,50
699,54
700,28
701,49
702,62
703,42
704,49
705,36
706,44
707,34
708,49
709,19
710,21
711,45
712,47
713,33
714,34
715,60
716,65
717,43
718,42
719,20
720,23
721,31
722,35
723,63
724,79
725,31
726,45
727,53
728,73
729,42
730,49
731,25
732,48
733,40
734,34
735,85
736,25
737,55
738,179
739,149
740,50
741,58
742,62
743,44
744,54
745,68
746,56
747,34
748,26
749,29
750,33
751,34
752,27
753,36
754,22
755,39
756,45
757,43
758,41
759,36
760,72
761,92
762,44
763,24
764,61
765,62
766,68
767,63
768,67
769,56
770,42
771,101
772,62
773,79
774,50
775,55
776,73
777,72
778,71
779,83
780,94
781,88
782,47
783,66
784,29
785,24
786,24
787,26
788,43
789,53
790,41
791,19
792,21
793,27
794,35
795,21
796,43
797,16
798,31
799,27
800,30
801,22
802,25
803,22
804,35
805,26
806,29
807,29
808,28
809,44
810,28
811,31
812,40
813,87
814,48
815,24
816,35
817,18
818,25
819,22
820,20
821,30
822,17
823,36
824,31
825,14
826,11
827,34
828,25
829,17
830,31
831,24
832,28
833,37
834,26
835,39
836,22
837,35
838,30
839,19
840,32
841,25
842,26
843,42
844,31
845,35
846,20
847,29
848,54
849,45
850,35
851,22
852,35
853,37
854,30
855,25
856,25
857,13
858,15
859,23
860,14
861,40
862,38
863,30
864,17
865,21
866,28
867,13
868,13
869,19
870,13
871,48
872,15
873,33
874,45
875,29
876,23
877,29
878,29
879,16
880,14
881,25
882,28
883,49
884,30
885,19
886,27
887,28
888,47
889,27
890,33
891,37
892,21
893,189
894,15
895,15
896,28
897,13
898,19
899,21
900,24
901,11
902,27
903,26
904,27
905,17
906,23
907,29
908,35
909,25
910,24
911,14
912,23
913,16
914,13
915,15
916,18
917,22
918,39
919,7
920,26
921,25
922,14
923,21
924,29
925,26
926,18
927,15
928,30
929,14
930,14
931,12
932,18
933,12
934,17
935,14
936,24
937,37
938,25
939,16
940,21
941,15
942,23
943,22
944,19
945,16
946,10
947,13
948,30
949,36
950,15
951,26
952,31
953,13
954,28
955,19
956,27
957,12
958,12
959,14
960,13
961,15
962,21
963,18
964,23
965,11
966,15
967,21
968,30
969,22
970,14
971,10
972,7
973,7
974,7
975,47
976,16
977,8
978,14
979,16
980,22
981,13
982,8
983,55
984,14
985,8
986,15
987,17
988,23
989,23
990,16
991,18
992,27
993,24
994,27
995,40
996,29
997,11
998,10
999,32
1000,18
1001,13
1002,17
1003,9
1004,16
1005,22
1006,29
1007,37
1008,11
1009,18
1010,9
1011,15
1012,12
1013,7
1014,17
1015,17
1016,15
1017,20
1018,8
1019,9
1020,8
1021,23
1022,18
1023,7
1024,16
1025,15
1026,14
1027,38
1028,19
1029,23
1030,16
1031,28
1032,13
1033,15
1034,30
1035,17
1036,11
1037,23
1038,20
1039,12
1040,25
1041,27
1042,11
1043,23
1044,15
1045,18
1046,20
1047,15
1048,38
1049,34
1050,16
1051,7
1052,8
1053,19
1054,28
1055,7
1056,9
1057,11
1058,3
1059,13
1060,14
1061,15
1062,18
1063,19
1064,16
1065,17
1066,20
1067,6
1068,9
1069,10
1070,11
1071,25
1072,16
1073,16
1074,17
1075,24
1076,21
1077,14
1078,25
1079,13
1080,8
1081,10
1082,25
1083,18
1084,27
1085,17
1086,13
1087,40
1088,20
1089,15
1090,15
1091,11
1092,17
1093,21
1094,19
1095,12
1096,7
1097,10
1098,20
1099,12
1100,30
1101,9
1102,11
1103,10
1104,18
1105,18
1106,7
1107,4
1108,11
1109,24
1110,13
1111,14
1112,15
1113,18
1114,39
1115,17
1116,42
1117,10
1118,12
1119,17
1120,7
1121,14
1122,8
1123,19
1124,12
1125,18
1126,39
1127,22
1128,10
1129,25
1130,17
1131,21
1132,16
1133,33
1134,24
1135,17
1136,21
1137,9
1138,16
1139,25
1140,16
1141,7
1142,19
1143,7
1144,13
1145,35
1146,13
1147,16
1148,6
1149,11
1150,15
1151,8
1152,16
1153,24
1154,10
1155,7
1156,4
1157,7
1158,7
1159,24
1160,33
1161,9
1162,10
1163,9
1164,1
1165,5
1166,5
1167,7
1168,5
1169,9
1170,19
1171,16
1172,4
1173,7
1174,17
1175,17
1176,9
1177,33
1178,13
1179,21
1180,13
1181,13
1182,12
1183,2
1184,24
1185,6
1186,13
1187,24
1188,23
1189,3
1190,8
1191,15
1192,9
1193,5
1194,10
1195,25
1196,20
1197,9
1198,5
1199,8
1200,12
1201,9
1202,4
1203,18
1204,15
1205,14
1206,10
1207,8
1208,9
1209,6
1210,3
1211,8
1212,15
1213,13
1214,25
1215,9
1216,9
1217,9
1218,15
1219,7
1220,10
1221,28
1222,13
1223,14
1224,16
1225,12
1226,21
1227,19
1228,18
1229,11
1230,15
1231,10
1232,10
1233,13
1234,14
1235,6
1236,23
1237,4
1238,8
1239,9
1240,26
1241,41
1242,7
1243,9
1244,21
1245,15
1246,7
1247,25
1248,18
1249,22
1250,3
1251,10
1252,13
1253,6
1254,37
1255,17
1256,10
1257,7
1258,10
1259,24
1260,23
1261,9
1262,11
1263,6
1264,4
1265,14
1266,22
1267,7
1268,7
1269,5
1270,7
1271,7
1272,6
1273,20
1274,10
1275,4
1276,14
1277,13
1278,6
1279,14
1280,23
1281,17
1282,28
1283,12
1284,3
1285,10
1286,11
1287,11
1288,12
1289,9
1290,12
1291,5
1292,14
1293,8
1294,11
1295,12
1296,8
1297,17
1298,4
1299,5
1300,14
1301,9
1302,15
1303,10
1304,7
1305,4
1306,4
1307,6
1308,5
1309,3
1310,23
1311,7
1312,10
1313,10
1314,28
1315,4
1316,8
1317,14
1318,11
1319,24
1320,14
1321,18
1322,11
1323,8
1324,4
1325,5
1326,10
1327,6
1328,19
1329,25
1330,18
1331,4
1332,4
1333,2
1334,6
1335,12
1336,6
1337,6
1338,3
1339,14
1340,7
1341,11
1342,14
1343,12
1344,16
1345,11
1346,20
1347,4
1348,2
1349,14
1350,12
1351,1
1352,9
1353,1
1354,11
1355,5
1356,3
1357,3
1358,23
1359,12
1360,10
1361,6
1362,11
1363,14
1364,9
1365,29
1366,23
1367,7
1368,16
1369,6
1370,20
1371,12
1372,4
1373,6
1374,18
1375,5
1376,7
1377,7
1378,7
1379,3
1380,13
1381,7
1382,5
1383,16
1384,17
1385,13
1386,13
1387,7
1388,5
1389,6
1390,7
1391,8
1392,6
1393,6
1394,3
1395,4
1396,3
1397,16
1399,6
1400,3
1401,5
1402,13
1403,17
1404,12
1405,13
1406,11
1407,23
1408,6
1409,12
1410,16
1411,5
1412,9
1413,8
1414,12
1415,8
1416,11
1417,8
1418,5
1419,5
1420,14
1421,8
1422,4
1423,3
1424,9
1425,12
1426,5
1427,18
1428,10
1429,8
1430,16
1431,4
1432,5
1433,5
1434,14
1435,6
1436,12
1437,7
1438,14
1439,24
1440,5
1441,4
1442,9
1443,4
1444,7
1445,10
1446,6
1447,6
1448,4
1449,9
1450,10
1451,23
1452,7
1453,13
1454,15
1455,9
1456,20
1457,3
1458,13
1459,4
1460,4
1461,25
1462,37
1463,27
1464,17
1465,25
1466,10
1467,17
1468,22
1469,10
1470,7
1471,3
1472,10
1473,6
1474,12
1475,30
1476,14
1477,3
1478,7
1479,8
1480,11
1481,9
1482,10
1483,12
1484,12
1485,24
1486,5
1487,6
1488,5
1489,3
1490,4
1491,13
1492,10
1493,12
1494,6
1495,8
1496,5
1497,7
1498,13
1499,10
1500,14
1501,3
1502,8
1503,9
1504,9
1505,7
1506,16
1507,13
1508,7
1509,2
1510,4
1511,6
1512,5
1513,11
1514,32
1515,24
1516,10
1517,4
1518,5
1519,8
1520,5
1521,13
1522,6
1523,4
1524,17
1525,6
1526,7
1527,16
1528,4
1529,14
1530,5
1531,11
1532,17
1533,7
1534,7
1535,19
1536,12
1537,13
1538,6
1539,13
1540,6
1541,6
1542,8
1543,19
1544,11
1545,15
1546,5
1547,7
1548,1
1549,4
1550,5
1552,11
1553,4
1554,10
1556,14
1557,4
1558,4
1559,4
1560,9
1561,9
1562,5
1563,9
1564,7
1565,6
1566,12
1567,8
1568,4
1569,2
1570,5
1571,6
1572,2
1573,16
1574,13
1575,19
1576,9
1577,2
1578,8
1579,11
1580,4
1581,4
1582,7
1583,9
1584,6
1585,6
1586,5
1587,2
1588,10
1589,9
1590,4
1591,6
1592,4
1593,10
1594,5
1595,7
1596,11
1597,15
1598,10
1599,13
1600,9
1601,15
1602,13
1603,10
1604,11
1605,12
1606,11
1607,15
1608,2
1609,12
1610,7
1611,10
1612,4
1613,6
1614,5
1615,9
1616,8
1617,1
1618,7
1619,3
1620,2
1621,8
1622,4
1623,5
1624,3
1625,5
1626,11
1627,8
1628,16
1629,5
1630,12
1631,7
1632,6
1633,3
1634,14
1635,11
1636,5
1637,9
1638,23
1639,13
1640,6
1641,6
1642,5
1643,5
1644,6
1645,11
1646,7
1647,8
1648,6
1649,16
1650,5
1651,5
1652,5
1653,6
1654,2
1655,3
1656,3
1657,5
1658,6
1659,12
1660,20
1661,5
1662,14
1663,17
1664,4
1665,3
1666,2
1667,4
1668,8
1669,4
1670,7
1671,3
1672,51
1673,4
1674,3
1675,16
1676,3
1677,4
1678,1
1679,3
1680,11
1681,3
1682,4
1683,4
1684,3
1685,3
1686,13
1687,8
1688,9
1689,5
1690,2
1691,5
1692,7
1693,1
1694,5
1695,4
1696,7
1697,5
1698,11
1699,8
1700,7
1701,12
1702,14
1703,8
1704,9
1705,4
1706,8
1707,5
1708,5
1709,14
1710,6
1711,2
1712,2
1713,8
1714,3
1715,2
1716,15
1717,9
1718,6
1719,1
1720,11
1721,2
1722,4
1723,307
1724,6
1725,6
1726,9
1727,2
1728,7
1729,1
1730,5
1731,4
1732,5
1733,5
1735,2
1736,1
1737,5
1738,3
1739,5
1740,6
1741,4
1742,2
1743,3
1744,7
1745,4
1746,3
1747,5
1748,8
1749,4
1750,10
1751,4
1752,3
1753,2
1754,10
1755,6
1756,12
1757,1
1758,2
1759,1
1760,4
1761,2
1762,4
1763,2
1764,4
1765,2
1766,3
1767,2
1768,4
1769,3
1770,5
1771,7
1772,4
1773,5
1774,1
1775,4
1776,10
1777,5
1779,2
1780,3
1781,6
1782,6
1783,1
1784,6
1785,6
1786,11
1787,4
1788,1
1789,1
1790,6
1791,9
1792,2
1793,6
1794,3
1795,4
1796,4
1797,5
1798,4
1799,2
1800,2
1801,7
1803,16
1804,9
1805,1
1806,12
1807,16
1808,1
1809,14
1810,3
1811,25
1812,12
1813,3
1814,4
1815,15
1816,20
1817,12
1818,5
1819,6
1820,3
1821,4
1822,10
1823,3
1824,1
1825,11
1826,4
1827,16
1828,2
1829,4
1830,8
1831,4
1832,7
1833,2
1834,16
1835,3
1836,4
1837,24
1838,8
1839,7
1840,5
1841,3
1842,2
1843,8
1844,9
1845,8
1846,2
1847,8
1848,4
1849,3
1850,2
1851,14
1852,4
1853,2
1854,3
1855,1
1857,6
1858,5
1859,5
1860,9
1861,1
1862,3
1863,4
1864,5
1865,6
1866,3
1867,3
1868,3
1869,3
1870,3
1871,2
1872,2
1873,3
1874,5
1875,11
1876,4
1877,3
1878,7
1879,6
1880,5
1881,1
1882,16
1883,10
1884,7
1885,1
1886,15
1887,5
1888,7
1889,1
1890,9
1891,5
1892,3
1893,9
1894,4
1895,5
1896,9
1897,10
1898,2
1899,6
1900,6
1901,3
1902,10
1903,13
1904,4
1905,8
1906,8
1907,2
1908,4
1909,12
1910,1
1911,2
1912,8
1913,3
1915,3
1916,8
1917,4
1918,1
1919,1
1920,6
1921,10
1922,4
1923,3
1924,4
1925,2
1926,2
1927,3
1928,2
1929,7
1930,8
1931,8
1932,7
1933,4
1934,5
1935,6
1936,10
1937,1
1938,1
1939,1
1940,2
1941,6
1942,9
1943,2
1944,5
1945,1
1946,5
1947,10
1948,8
1949,1
1950,4
1951,7
1952,6
1953,2
1954,2
1955,2
1956,6
1957,5
1958,11
1959,6
1960,10
1961,10
1962,4
1963,4
1964,12
1965,4
1966,13
1967,5
1968,9
1969,5
1970,3
1971,3
1972,9
1973,6
1974,7
1975,7
1976,6
1977,8
1978,5
1979,7
1980,3
1981,3
1982,1
1983,8
1984,5
1985,3
1986,4
1987,5
1988,1
1990,2
1991,8
1992,7
1993,8
1994,3
1995,3
1996,7
1997,6
1998,3
1999,3
2000,6
2001,14
2002,13
2003,2
2004,8
2005,3
2006,6
2007,2
2008,6
2009,2
2010,3
2011,4
2012,14
2013,4
2014,7
2015,4
2016,1
2017,5
2018,5
2019,3
2020,1
2021,2
2022,2
2023,3
2024,10
2025,9
2026,7
2027,3
2028,6
2029,8
2030,10
2031,12
2032,7
2033,23
2034,21
2035,13
2036,6
2037,1
2038,7
2039,4
2040,4
2041,1
2042,9
2043,3
2044,4
2045,2
2046,5
2047,8
2048,4
2049,2
2050,4
2051,5
2053,6
2054,3
2055,3
2057,2
2058,2
2059,1
2060,5
2061,3
2062,4
2063,4
2064,1
2066,1
2067,3
2068,1
2069,13
2070,2
2071,2
2072,1
2073,3
2074,1
2075,2
2076,3
2077,19
2078,1
2079,2
2080,3
2081,1
2082,9
2083,2
2084,14
2085,13
2087,1
2088,2
2090,3
2091,6
2092,19
2093,1
2094,5
2095,9
2096,5
2097,5
2098,8
2099,2
2100,5
2101,2
2102,4
2103,9
2104,11
2105,9
2106,4
2107,5
2108,5
2109,3
2110,2
2111,7
2112,5
2113,6
2114,8
2115,4
2117,4
2118,3
2119,1
2120,3
2121,1
2122,2
2123,5
2124,2
2125,4
2126,2
2127,8
2128,10
2129,7
2130,3
2131,1
2132,4
2133,8
2136,8
2137,15
2138,2
2139,5
2140,1
2141,1
2142,3
2143,2
2144,12
2145,7
2146,1
2147,1
2148,1
2149,5
2150,2
2151,7
2152,1
2153,16
2154,5
2155,7
2156,2
2157,2
2158,6
2159,2
2160,4
2161,1
2163,6
2165,4
2166,1
2167,2
2168,4
2169,4
2170,4
2171,3
2172,6
2173,3
2174,12
2175,3
2176,3
2177,8
2178,4
2179,8
2180,6
2181,5
2182,2
2183,2
2184,1
2186,3
2187,7
2188,5
2189,1
2190,2
2191,3
2192,1
2193,6
2194,2
2195,1
2196,1
2197,7
2200,1
2203,1
2204,3
2206,3
2207,1
2208,1
2209,1
2210,1
2211,2
2212,2
2214,3
2215,2
2216,4
2217,4
2218,3
2219,6
2220,2
2221,1
2222,3
2223,9
2224,2
2225,1
2226,1
2228,2
2229,3
2230,2
2232,1
2233,3
2234,3
2235,3
2236,1
2237,1
2238,8
2239,3
2240,4
2241,12
2242,1
2243,6
2245,3
2246,2
2247,8
2248,2
2249,6
2250,1
2251,1
2252,9
2253,6
2254,2
2256,3
2257,1
2258,3
2260,3
2261,6
2262,1
2263,3
2264,4
2265,4
2266,2
2267,4
2268,2
2269,1
2270,6
2271,1
2272,6
2273,4
2274,1
2275,3
2276,3
2277,12
2278,12
2279,5
2281,1
2282,1
2283,4
2284,1
2285,3
2286,13
2287,4
2288,1
2290,3
2291,2
2292,1
2293,4
2294,3
2295,3
2296,4
2297,3
2298,7
2299,2
2300,4
2302,2
2303,1
2304,1
2305,4
2306,4
2307,10
2308,3
2309,11
2310,1
2311,1
2312,4
2313,2
2314,2
2315,6
2316,1
2317,5
2318,5
2319,7
2320,2
2321,8
2322,1
2323,3
2324,1
2325,7
2326,4
2327,4
2328,5
2329,3
2330,3
2331,8
2332,6
2333,3
2334,3
2335,3
2336,3
2337,5
2338,2
2340,1
2341,2
2343,1
2344,6
2347,5
2348,3
2349,4
2350,2
2351,3
2352,5
2353,9
2354,4
2355,2
2356,1
2357,3
2358,5
2359,2
2360,2
2361,2
2362,2
2363,3
2364,2
2365,5
2366,3
2367,2
2368,9
2369,8
2370,6
2371,6
2372,2
2373,2
2374,5
2375,6
2376,5
2377,4
2378,2
2379,5
2380,3
2381,3
2382,3
2383,3
2384,3
2385,1
2386,1
2387,1
2388,1
2389,1
2390,4
2392,4
2393,9
2394,1
2395,9
2396,4
2397,8
2398,3
2399,2
2400,3
2401,5
2402,8
2403,16
2404,17
2405,10
2406,7
2407,5
2408,3
2409,2
2410,12
2411,8
2412,1
2413,10
2414,9
2415,2
2416,7
2417,5
2418,2
2419,4
2420,8
2421,8
2422,4
2423,3
2424,3
2425,1
2426,2
2427,7
2428,3
2429,3
2430,2
2431,9
2432,3
2433,27
2434,2
2435,1
2437,3
2438,6
2439,4
2440,3
2441,1
2442,10
2443,1
2444,3
2445,1
2446,2
2447,2
2448,5
2449,8
2450,6
2451,1
2453,2
2457,2
2458,3
2460,2
2461,2
2462,1
2464,5
2465,1
2466,3
2468,1
2470,2
2471,1
2472,2
2474,3
2475,1
2476,4
2477,6
2479,1
2480,10
2482,7
2484,2
2485,1
2486,1
2487,3
2488,2
2489,1
2490,1
2491,1
2492,1
2493,3
2494,3
2495,4
2496,3
2497,5
2498,3
2499,6
2500,11
2502,2
2503,4
2504,4
2505,3
2508,1
2509,3
2510,4
2511,5
2512,5
2513,1
2514,3
2515,2
2516,1
2517,1
2518,6
2520,9
2521,1
2522,3
2523,4
2524,8
2526,9
2527,6
2528,4
2529,1
2530,8
2531,6
2532,7
2533,5
2534,3
2535,1
2536,1
2537,7
2538,2
2539,2
2540,14
2541,8
2542,2
2543,1
2544,2
2545,4
2546,3
2547,2
2548,3
2549,2
2550,1
2551,3
2552,4
2553,2
2554,4
2555,2
2556,2
2557,2
2559,4
2560,6
2561,1
2562,2
2563,3
2564,4
2565,10
2568,2
2569,7
2570,6
2571,6
2572,7
2573,1
2574,10
2575,3
2576,6
2577,1
2578,3
2579,7
2580,3
2581,1
2582,1
2583,1
2584,1
2585,1
2586,2
2587,1
2588,1
2592,3
2595,2
2596,1
2598,1
2599,3
2600,4
2601,1
2602,1
2603,2
2604,2
2605,2
2607,4
2609,4
2610,3
2611,2
2613,1
2616,1
2617,3
2618,6
2619,3
2620,2
2622,1
2623,1
2624,3
2625,2
2626,9
2627,3
2628,5
2629,11
2630,2
2631,3
2632,8
2633,5
2634,1
2635,5
2636,4
2637,2
2638,1
2640,6
2641,2
2642,1
2645,10
2646,2
2647,1
2648,3
2649,2
2650,1
2651,1
2652,1
2653,1
2654,4
2655,4
2656,5
2657,6
2658,6
2659,5
2660,2
2662,4
2663,3
2664,4
2665,6
2666,4
2667,6
2668,5
2671,4
2672,2
2673,2
2674,3
2675,6
2676,6
2677,3
2678,2
2679,1
2680,3
2681,2
2682,5
2685,1
2686,1
2688,2
2690,1
2691,17
2693,5
2694,2
2695,1
2696,2
2697,1
2699,1
2700,2
2701,1
2702,1
2703,2
2705,1
2707,2
2708,5
2709,7
2710,1
2711,1
2712,2
2713,4
2714,2
2715,2
2716,1
2717,8
2719,4
2721,2
2723,1
2727,1
2728,1
2729,1
2731,5
2732,3
2733,1
2735,7
2737,5
2738,1
2739,6
2741,2
2742,5
2744,2
2745,2
2746,2
2747,5
2748,1
2751,2
2752,1
2753,2
2757,5
2758,7
2760,1
2761,10
2762,4
2763,4
2764,1
2765,3
2766,1
2767,1
2768,2
2769,6
2770,2
2772,9
2773,3
2774,1
2775,2
2776,2
2777,1
2778,5
2779,2
2780,1
2781,4
2782,4
2783,2
2784,1
2786,3
2787,5
2788,4
2789,6
2790,2
2791,4
2793,1
2796,1
2797,1
2798,4
2799,1
2800,2
2801,2
2802,2
2803,2
2804,2
2807,2
2808,1
2810,9
2811,2
2812,3
2813,2
2814,1
2815,2
2816,4
2817,2
2818,4
2820,1
2821,35
2822,7
2823,1
2824,8
2825,6
2827,4
2828,3
2829,2
2830,2
2831,1
2832,12
2833,1
2834,2
2835,2
2836,1
2839,2
2840,3
2841,2
2842,7
2843,3
2844,6
2845,1
2846,3
2847,2
2848,2
2849,1
2850,2
2851,2
2852,3
2853,4
2855,6
2856,1
2857,2
2858,1
2859,1
2861,1
2862,1
2864,11
2865,2
2866,2
2867,3
2868,1
2869,1
2870,13
2871,4
2872,3
2874,2
2875,1
2876,2
2877,1
2878,5
2879,3
2880,2
2882,2
2883,3
2884,1
2885,1
2886,4
2887,2
2888,5
2889,3
2890,17
2891,1
2892,2
2893,1
2894,7
2895,1
2896,5
2897,20
2898,7
2899,4
2900,2
2901,1
2902,2
2903,1
2904,4
2905,2
2908,4
2909,2
2910,4
2911,4
2912,4
2913,1
2914,2
2915,9
2916,4
2918,3
2920,7
2922,4
2924,1
2925,2
2926,2
2927,5
2928,2
2929,9
2930,5
2931,2
2932,9
2934,1
2935,2
2936,2
2938,7
2939,2
2940,1
2941,1
2942,3
2943,8
2945,2
2946,4
2947,2
2948,9
2949,1
2951,2
2952,5
2953,5
2957,1
2959,1
2960,3
2961,3
2962,9
2963,6
2964,10
2965,1
2966,2
2967,6
2969,14
2971,10
2972,2
2973,2
2974,3
2976,2
2978,2
2981,2
2982,5
2983,4
2984,3
2985,2
2986,3
2987,1
2988,2
2989,1
2991,1
2992,2
2993,1
2994,3
2995,7
2997,1
2998,1
3000,1
3001,7
3003,9
3004,1
3006,1
3007,2
3008,1
3009,2
3010,1
3012,1
3013,3
3015,1
3018,2
3019,2
3020,4
3021,1
3022,2
3024,3
3025,4
3026,1
3027,2
3028,1
3029,2
3030,10
3032,2
3033,3
3034,3
3035,4
3036,1
3038,12
3039,1
3040,3
3041,9
3042,3
3043,1
3044,1
3045,1
3046,1
3047,1
3048,5
3049,2
3050,2
3052,1
3054,4
3055,7
3056,2
3058,3
3059,1
3060,1
3061,1
3063,3
3064,3
3065,3
3066,1
3068,1
3070,2
3071,1
3072,1
3073,1
3074,1
3078,1
3079,3
3080,1
3081,4
3082,1
3084,5
3085,1
3086,3
3087,1
3090,3
3093,1
3094,1
3095,3
3096,2
3097,4
3099,2
3100,1
3101,6
3102,4
3104,3
3106,3
3107,2
3108,5
3109,2
3110,1
3111,2
3113,1
3114,1
3116,1
3117,1
3119,1
3120,1
3121,8
3122,2
3123,1
3124,1
3126,2
3127,4
3129,2
3131,1
3135,1
3136,1
3137,2
3138,2
3139,2
3140,2
3141,1
3142,1
3143,1
3149,2
3150,1
3151,2
3158,1
3159,1
3161,2
3162,6
3163,1
3164,3
3165,1
3167,8
3168,12
3174,7
3175,1
3176,7
3177,6
3178,2
3179,2
3180,1
3181,2
3182,3
3183,1
3185,3
3186,2
3189,1
3190,9
3191,3
3192,6
3193,3
3194,8
3195,1
3199,2
3200,1
3202,2
3203,1
3204,2
3205,3
3206,2
3207,3
3208,1
3210,1
3211,3
3212,1
3214,1
3215,4
3217,3
3218,2
3219,2
3220,1
3222,4
3223,1
3225,1
3226,1
3227,1
3229,1
3231,1
3232,1
3233,2
3234,1
3235,2
3236,1
3237,10
3240,1
3242,5
3243,3
3244,1
3246,3
3247,7
3248,1
3251,2
3253,1
3254,1
3255,1
3257,1
3258,3
3261,1
3262,1
3263,2
3264,1
3265,1
3269,2
3270,1
3272,3
3273,11
3274,1
3275,1
3276,1
3278,3
3279,1
3280,1
3281,1
3282,1
3283,2
3284,3
3285,1
3290,2
3291,4
3292,1
3293,2
3294,2
3297,3
3299,1
3300,7
3301,8
3302,4
3303,1
3304,3
3305,1
3308,2
3309,6
3311,1
3313,1
3317,3
3318,2
3319,2
3320,1
3321,2
3322,2
3323,2
3324,1
3325,3
3327,2
3328,4
3329,1
3330,1
3332,3
3333,1
3335,3
3336,1
3337,5
3338,1
3340,1
3341,4
3342,3
3343,3
3346,1
3347,3
3348,2
3349,4
3350,2
3351,9
3352,3
3353,2
3354,2
3356,5
3357,1
3358,1
3359,5
3360,1
3365,2
3366,1
3367,1
3368,1
3370,2
3371,2
3372,1
3373,1
3374,1
3375,1
3376,3
3377,6
3378,1
3379,1
3380,2
3384,1
3386,1
3388,1
3393,1
3395,1
3396,2
3397,2
3398,3
3399,3
3400,3
3401,1
3402,3
3403,1
3404,4
3405,1
3406,13
3407,3
3410,3
3411,1
3413,1
3415,1
3416,1
3418,4
3419,3
3420,1
3421,2
3422,2
3423,2
3425,1
3426,1
3428,4
3430,2
3431,1
3432,1
3435,1
3436,2
3437,1
3438,3
3439,5
3440,3
3441,5
3443,3
3445,1
3446,3
3447,6
3448,2
3449,1
3451,1
3452,1
3453,1
3455,1
3457,2
3460,5
3461,2
3462,1
3463,1
3464,1
3465,4
3466,1
3468,1
3469,1
3470,3
3472,2
3474,2
3475,1
3476,1
3478,1
3479,2
3480,2
3481,1
3485,4
3490,3
3491,2
3493,1
3494,1
3495,2
3498,3
3499,2
3500,1
3506,2
3507,1
3508,1
3509,1
3510,5
3511,2
3512,2
3514,2
3515,1
3516,1
3517,1
3518,2
3519,2
3521,1
3522,1
3523,3
3524,1
3525,2
3527,1
3531,1
3533,1
3534,2
3535,8
3536,3
3538,1
3541,2
3542,1
3543,1
3544,4
3545,3
3548,1
3549,1
3551,1
3552,2
3553,1
3555,1
3556,1
3557,1
3559,1
3560,4
3562,2
3563,1
3564,2
3565,1
3570,1
3571,2
3574,1
3575,5
3576,2
3577,1
3580,1
3582,3
3585,2
3586,1
3587,1
3588,5
3589,1
3590,2
3591,5
3592,3
3593,1
3594,4
3595,1
3596,3
3597,1
3598,2
3600,2
3601,1
3602,2
3603,8
3604,4
3606,2
3607,1
3609,1
3611,1
3613,1
3615,5
3618,1
3621,2
3622,1
3624,1
3626,1
3635,1
3636,1
3637,1
3638,2
3639,8
3640,1
3643,4
3644,2
3645,3
3646,15
3648,1
3649,1
3650,2
3651,1
3652,2
3653,5
3654,6
3660,2
3661,1
3662,2
3664,1
3668,5
3670,1
3671,2
3672,1
3673,1
3674,1
3675,3
3676,1
3679,3
3680,2
3681,1
3682,1
3685,1
3687,1
3688,4
3689,1
3690,1
3694,1
3695,1
3696,7
3697,4
3698,1
3700,3
3708,1
3709,6
3710,2
3713,4
3714,1
3715,1
3717,1
3720,3
3721,2
3722,2
3727,3
3728,1
3729,1
3730,1
3731,1
3732,2
3735,1
3737,4
3739,2
3747,1
3750,1
3751,2
3752,2
3753,2
3754,2
3755,3
3758,4
3759,1
3763,1
3764,6
3765,5
3766,1
3769,1
3770,3
3771,1
3772,1
3774,1
3775,3
3778,1
3779,1
3782,1
3784,2
3785,2
3787,2
3788,1
3790,2
3791,5
3793,3
3796,1
3797,2
3799,2
3800,1
3801,3
3803,1
3804,2
3805,1
3806,5
3808,1
3811,3
3814,1
3817,4
3818,1
3820,3
3821,3
3822,1
3823,1
3825,4
3826,5
3827,2
3829,1
3830,1
3831,1
3832,2
3834,6
3836,4
3837,2
3838,7
3839,2
3840,3
3841,1
3842,1
3843,1
3844,2
3845,3
3846,2
3847,2
3848,1
3849,2
3850,5
3851,2
3852,1
3853,3
3854,2
3856,1
3857,4
3858,1
3859,4
3860,2
3861,1
3862,1
3863,2
3864,4
3865,9
3867,1
3868,4
3870,3
3871,1
3874,2
3875,3
3876,4
3879,2
3880,1
3881,4
3882,1
3883,3
3884,3
3885,1
3886,2
3887,1
3888,1
3889,4
3890,1
3891,3
3892,2
3893,6
3894,2
3895,7
3896,3
3897,1
3898,4
3899,1
3900,1
3901,4
3902,1
3903,4
3904,1
3905,3
3906,1
3907,4
3909,1
3911,3
3912,1
3914,3
3915,2
3916,1
3920,2
3922,1
3923,2
3926,1
3928,2
3929,5
3932,3
3933,3
3934,1
3935,1
3936,1
3937,1
3939,1
3945,2
3946,4
3949,1
3951,2
3952,1
3953,1
3956,2
3959,1
3961,2
3962,1
3965,1
3967,1
3968,1
3970,1
3972,2
3973,3
3974,1
3976,1
3978,1
3981,5
3982,1
3984,1
3987,3
3993,1
3996,2
4001,3
4003,1
4004,1
4005,1
4006,2
4007,2
4008,1
4015,1
4016,1
4019,3
4022,1
4026,3
4029,4
4030,1
4042,1
4043,3
4047,1
4050,1
4052,1
4055,3
4056,1
4057,4
4059,1
4061,1
4063,1
4064,1
4069,1
4070,1
4074,1
4077,2
4081,1
4082,1
4083,1
4088,1
4096,3
4099,2
4100,2
4103,4
4104,3
4106,3
4107,2
4108,1
4109,3
4110,1
4113,1
4114,1
4117,1
4120,1
4121,1
4132,1
4133,2
4135,1
4136,1
4137,2
4138,7
4140,1
4141,1
4142,1
4143,5
4145,2
4146,1
4150,1
4154,1
4156,24
4158,2
4159,8
4160,4
4163,2
4164,1
4165,1
4167,2
4168,3
4169,1
4171,2
4172,1
4173,4
4174,1
4176,5
4177,3
4178,6
4179,1
4185,1
4186,1
4187,1
4188,1
4189,1
4191,1
4193,1
4200,3
4201,1
4204,2
4205,1
4206,8
4207,1
4209,1
4211,8
4213,1
4217,1
4218,2
4222,1
4223,1
4224,1
4230,2
4231,1
4232,1
4233,3
4238,1
4239,1
4246,3
4248,1
4249,3
4251,1
4252,2
4253,1
4257,2
4259,3
4260,1
4261,1
4263,2
4267,1
4268,1
4270,1
4271,5
4272,1
4273,2
4276,1
4278,1
4280,2
4281,1
4282,2
4283,1
4284,3
4286,1
4287,2
4288,2
4290,1
4291,1
4293,3
4294,4
4300,6
4304,3
4305,2
4306,11
4309,2
4310,1
4314,1
4316,1
4318,1
4320,1
4322,1
4323,1
4324,1
4326,7
4328,2
4329,5
4334,1
4339,2
4340,1
4341,3
4342,1
4343,1
4344,1
4345,1
4348,6
4349,7
4351,7
4352,3
4355,1
4358,1
4359,1
4361,1
4365,2
4368,1
4369,2
4377,1
4378,1
4379,2
4381,1
4384,2
4385,6
4389,3
4392,2
4393,1
4396,1
4403,1
4404,1
4408,1
4425,1
4427,1
4433,1
4434,1
4435,1
4442,1
4445,7
4447,1
4453,1
4454,1
4456,2
4460,1
4461,1
4463,3
4465,1
4467,1
4468,3
4470,1
4476,1
4477,1
4480,1
4481,1
4485,2
4486,1
4487,2
4491,1
4493,4
4495,1
4498,2
4500,2
4501,1
4506,1
4507,1
4508,1
4513,4
4515,1
4516,1
4517,1
4521,2
4523,2
4526,6
4527,1
4528,2
4531,1
4534,1
4537,7
4538,2
4539,2
4541,5
4543,2
4545,3
4549,1
4550,1
4552,3
4553,2
4556,1
4557,2
4558,1
4559,2
4560,4
4561,1
4562,1
4563,1
4564,1
4565,1
4567,2
4569,2
4570,1
4572,1
4573,11
4576,1
4578,1
4580,1
4582,1
4584,1
4585,1
4586,1
4590,1
4592,1
4593,2
4594,1
4596,1
4598,1
4606,1
4608,2
4610,1
4611,2
4612,6
4613,1
4617,4
4618,1
4621,1
4622,2
4623,3
4625,1
4626,1
4627,2
4628,4
4637,7
4638,1
4642,3
4645,1
4646,1
4650,1
4658,1
4659,1
4660,1
4661,3
4666,1
4667,1
4671,1
4675,1
4676,1
4680,1
4681,1
4682,1
4684,1
4687,1
4690,2
4691,1
4694,1
4698,1
4699,1
4700,1
4704,2
4706,2
4710,2
4714,1
4719,1
4720,3
4723,1
4724,1
4725,2
4726,4
4727,4
4745,1
4749,2
4751,2
4753,13
4754,2
4758,1
4762,6
4763,3
4766,1
4767,1
4770,1
4772,1
4774,1
4775,1
4778,6
4781,1
4782,1
4783,1
4785,3
4786,1
4791,1
4793,1
4795,8
4798,2
4799,1
4802,1
4805,1
4808,1
4809,1
4810,3
4811,2
4814,2
4817,2
4818,7
4819,1
4821,1
4822,1
4824,4
4827,1
4836,1
4839,6
4840,4
4844,2
4846,2
4847,4
4853,1
4854,2
4855,1
4856,1
4858,2
4859,1
4860,1
4861,1
4864,1
4865,9
4866,8
4868,1
4872,1
4877,1
4878,1
4879,2
4881,7
4883,1
4885,2
4887,2
4889,1
4891,2
4892,5
4894,5
4897,2
4898,1
4899,1
4900,1
4908,2
4909,1
4916,1
4917,1
4919,4
4928,2
4929,1
4932,2
4933,1
4939,2
4941,1
4944,3
4945,1
4946,1
4948,3
4953,2
4954,1
4957,2
4961,1
4963,2
4965,2
4966,1
4967,1
4971,2
4977,4
4981,2
4983,1
4986,1
4988,1
4991,1
4993,1
4996,3
4997,2
4998,1
5000,2
5001,9
5002,1
5003,1
5004,3
5009,3
5011,2
5012,1
5013,3
5014,2
5017,2
5018,1
5020,2
5022,4
5026,1
5028,2
5033,1
5036,2
5038,1
5045,1
5047,1
5048,1
5050,2
5051,1
5053,3
5054,1
5057,2
5060,3
5062,7
5063,1
5064,1
5065,5
5066,3
5068,1
5069,2
5072,2
5074,3
5075,1
5076,1
5079,4
5083,4
5085,2
5091,3
5092,1
5093,2
5094,1
5095,3
5096,3
5097,12
5098,3
5100,2
5101,1
5104,2
5106,1
5107,1
5110,1
5111,1
5115,1
5116,2
5122,2
5125,1
5128,1
5129,1
5130,1
5131,4
5132,2
5136,2
5137,1
5140,1
5143,1
5147,1
5149,1
5151,1
5152,1
5153,1
5156,3
5157,5
5160,11
5161,3
5164,1
5165,1
5166,1
5167,1
5169,1
5174,3
5182,1
5185,1
5187,1
5189,1
5200,1
5202,1
5203,1
5206,2
5209,5
5210,7
5211,3
5213,1
5219,9
5221,2
5226,1
5227,1
5232,3
5235,1
5243,1
5249,1
5250,2
5251,1
5254,1
5260,2
5273,1
5278,1
5280,1
5283,1
5284,1
5285,1
5286,3
5287,1
5289,3
5291,2
5293,1
5294,2
5295,4
5296,3
5299,2
5300,3
5302,1
5306,1
5307,2
5313,1
5317,1
5323,3
5328,1
5335,12
5336,10
5337,1
5338,3
5341,3
5342,3
5343,2
5344,2
5345,1
5348,1
5349,1
5353,2
5354,1
5355,1
5359,1
5365,1
5370,1
5377,1
5386,3
5389,3
5400,1
5401,1
5403,1
5405,1
5409,2
5415,1
5416,1
5417,1
5418,1
5422,1
5426,1
5427,1
5435,1
5441,6
5442,2
5443,1
5446,3
5449,1
5451,2
5454,1
5455,5
5456,1
5461,1
5462,1
5463,1
5464,1
5468,2
5469,2
5477,1
5479,1
5481,1
5485,2
5489,1
5490,2
5491,4
5499,3
5500,2
5501,1
5504,2
5506,2
5507,1
5510,1
5521,1
5527,1
5528,1
5534,4
5542,1
5543,2
5544,1
5545,1
5550,1
5554,2
5556,2
5557,2
5558,1
5560,3
5561,1
5564,2
5566,2
5568,1
5576,2
5580,1
5585,1
5591,2
5593,1
5597,1
5600,1
5604,4
5605,1
5606,1
5612,1
5613,1
5619,2
5620,1
5626,1
5629,1
5635,1
5640,1
5641,3
5642,1
5643,1
5646,1
5649,1
5650,1
5653,1
5654,3
5655,1
5657,1
5664,1
5665,2
5666,2
5667,1
5670,4
5671,2
5677,1
5682,1
5688,1
5689,1
5693,1
5694,1
5696,2
5697,1
5699,1
5702,2
5706,1
5708,1
5716,1
5717,1
5718,1
5719,1
5721,1
5723,1
5724,1
5725,1
5727,1
5728,1
5729,3
5731,3
5732,2
5734,1
5735,1
5740,1
5743,1
5750,1
5752,3
5753,1
5754,1
5755,1
5758,5
5763,1
5767,2
5768,3
5772,4
5778,1
5779,1
5780,2
5788,4
5789,1
5793,10
5794,2
5798,1
5800,2
5807,1
5809,1
5816,1
5823,1
5827,2
5829,1
5830,1
5831,2
5833,1
5835,1
5839,6
5848,2
5849,2
5853,1
5856,1
5861,5
5862,1
5863,2
5864,1
5865,1
5866,1
5872,1
5881,1
5883,1
5885,2
5891,2
5892,1
5893,3
5897,1
5898,1
5905,2
5915,2
5924,1
5926,1
5927,1
5928,1
5931,1
5933,1
5936,1
5941,1
5943,2
5944,1
5952,1
5968,1
5974,1
5976,1
5978,3
5979,1
5982,1
5985,2
5987,3
5988,2
5993,2
5996,1
5997,1
5998,1
6000,1
6001,4
6004,1
6014,2
6019,1
6021,1
6025,2
6031,2
6033,2
6040,1
6043,1
6044,1
6045,2
6048,1
6049,2
6050,1
6051,6
6053,2
6054,3
6055,2
6057,1
6059,4
6060,3
6062,1
6065,1
6069,4
6072,1
6074,2
6076,1
6079,10
6080,5
6081,1
6090,2
6093,1
6094,1
6096,2
6097,3
6098,1
6104,1
6107,2
6113,1
6130,1
6131,1
6134,1
6140,1
6145,2
6146,2
6147,1
6149,5
6154,3
6157,1
6160,1
6164,1
6175,1
6178,1
6179,1
6182,1
6183,2
6186,1
6194,1
6204,3
6205,3
6206,7
6208,1
6209,1
6213,1
6221,1
6222,1
6223,1
6227,2
6238,1
6240,1
6245,1
6251,3
6258,2
6263,3
6264,1
6265,2
6268,5
6269,7
6271,2
6275,2
6277,2
6278,4
6279,2
6281,1
6291,1
6293,1
6295,1
6296,1
6297,6
6298,1
6302,1
6304,1
6305,1
6307,2
6312,1
6313,1
6315,1
6318,5
6321,2
6323,2
6325,2
6328,1
6335,1
6343,1
6344,1
6347,6
6351,1
6353,4
6356,5
6357,2
6358,2
6367,1
6372,1
6378,1
6380,3
6381,2
6389,3
6392,2
6399,1
6401,9
6404,1
6406,1
6411,4
6412,1
6414,1
6415,1
6418,1
6419,1
6422,1
6426,1
6432,1
6433,1
6434,1
6439,1
6440,1
6445,1
6449,1
6464,1
6472,2
6473,1
6475,1
6476,1
6485,1
6487,1
6490,3
6493,1
6504,1
6513,1
6517,1
6521,1
6532,2
6534,1
6538,1
6544,1
6545,1
6547,1
6550,1
6554,1
6555,2
6558,1
6568,1
6573,1
6588,1
6595,1
6596,1
6602,1
6610,1
6611,3
6619,1
6631,2
6632,2
6642,1
6650,1
6654,1
6655,1
6668,1
6677,1
6682,1
6685,1
6694,2
6709,1
6713,1
6717,1
6752,1
6754,1
6757,1
6758,1
6766,1
6774,1
6775,3
6780,1
6791,1
6795,2
6802,2
6803,2
6810,1
6817,2
6822,1
6826,1
6827,1
6862,1
6872,2
6883,1
6890,1
6893,1
6894,2
6895,2
6896,3
6897,4
6899,1
6906,1
6914,1
6917,1
6926,1
6932,1
6935,1
6939,2
6948,2
6952,1
6955,1
6966,1
6967,4
6973,1
6989,2
6990,4
6992,1
6993,2
6994,1
7005,1
7010,1
7012,2
7029,1
7031,2
7039,1
7040,2
7042,1
7082,1
7084,1
7087,1
7091,1
7098,1
7101,1
7107,1
7109,2
7110,2
7121,1
7122,1
7128,1
7130,1
7150,1
7153,1
7157,1
7161,2
7163,2
7170,1
7188,1
7197,3
7203,6
7205,3
7209,1
7219,2
7222,1
7234,1
7240,1
7241,1
7252,1
7253,1
7263,1
7270,1
7279,2
7288,1
7289,2
7290,2
7299,1
7307,1
7312,1
7319,1
7323,1
7324,1
7327,3
7328,3
7334,1
7339,1
7340,8
7345,1
7347,1
7348,1
7357,1
7363,1
7371,1
7375,1
7391,1
7393,4
7394,1
7403,1
7414,1
7423,1
7425,2
7426,1
7430,1
7433,2
7438,1
7446,1
7452,1
7454,1
7461,1
7462,2
7471,1
7475,1
7480,2
7484,8
7491,3
7511,2
7519,1
7520,1
7521,1
7523,2
7524,5
7525,2
7534,3
7537,2
7538,4
7548,1
7550,1
7555,1
7570,3
7591,7
7598,40
7600,1
7604,1
7613,1
7615,2
7616,1
7626,1
7627,1
7629,2
7632,1
7633,2
7638,1
7639,2
7644,1
7650,1
7656,1
7657,1
7658,1
7659,1
7662,3
7668,1
7675,1
7685,1
7690,2
7691,1
7695,2
7698,1
7703,7
7706,1
7727,1
7747,1
7750,2
7751,1
7754,1
7759,1
7762,1
7772,3
7773,1
7776,1
7779,2
7780,1
7797,1
7814,1
7836,2
7838,1
7850,1
7852,1
7853,1
7868,1
7871,4
7873,6
7880,1
7881,2
7884,1
7894,1
7903,1
7909,1
7912,1
7919,3
7922,1
7923,3
7924,2
7930,1
7933,2
7935,1
7937,1
7939,1
7947,1
7952,2
7955,1
7957,2
7960,10
7963,5
7969,1
7976,1
7984,1
7986,1
7987,1
7988,1
7993,1
7994,1
7995,1
7996,1
7997,1
7999,1
8002,3
8008,2
8009,1
8014,1
8018,1
8030,1
8031,1
8054,2
8056,1
8058,1
8063,1
8065,1
8068,1
8072,1
8075,2
8076,1
8078,1
8081,1
8082,1
8091,3
8093,2
8094,1
8099,4
8104,1
8107,5
8111,1
8123,1
8124,1
8126,1
8131,1
8138,1
8152,2
8153,2
8165,1
8202,1
8203,1
8207,1
8212,1
8232,2
8246,1
8252,1
8257,1
8263,1
8269,5
8273,1
8280,1
8285,1
8312,1
8313,1
8315,1
8317,2
8319,5
8337,1
8338,1
8341,1
8342,1
8361,1
8362,1
8363,1
8364,1
8369,7
8372,1
8373,1
8376,1
8386,2
8389,1
8394,1
8397,1
8400,1
8402,1
8404,1
8405,2
8407,1
8413,4
8414,7
8415,7
8423,2
8428,10
8429,3
8437,1
8446,1
8451,1
8452,1
8459,1
8460,1
8462,1
8472,5
8476,1
8480,1
8483,1
8489,2
8493,1
8494,5
8495,1
8497,5
8500,2
8501,1
8502,1
8503,2
8514,1
8518,1
8519,3
8530,1
8538,1
8542,1
8589,1
8623,1
8639,1
8651,1
8655,2
8656,2
8676,1
8683,2
8694,2
8703,1
8710,3
8714,1
8731,1
8734,1
8743,1
8752,2
8753,2
8754,2
8764,4
8765,1
8767,1
8774,3
8776,1
8781,1
8811,2
8815,2
8816,2
8817,1
8818,1
8825,1
8826,1
8827,1
8834,1
8843,1
8844,1
8850,1
8862,1
8876,1
8887,1
8888,1
8891,1
8902,1
8904,1
8913,1
8915,1
8918,1
8920,1
8923,4
8924,1
8925,1
8935,2
8937,4
8939,1
8941,1
8952,1
8957,1
8958,2
8960,1
8961,1
8963,1
8966,1
8969,1
8971,2
8973,1
8987,1
9002,4
9009,1
9011,1
9016,1
9031,1
9055,2
9057,1
9062,1
9066,2
9067,4
9069,4
9085,1
9089,1
9090,1
9092,1
9095,1
9115,4
9129,2
9142,6
9147,1
9160,3
9163,1
9169,4
9210,1
9215,1
9223,1
9229,1
9233,1
9234,1
9236,1
9237,1
9283,1
9299,1
9329,1
9333,2
9336,1
9337,1
9338,2
9340,1
9346,1
9349,1
9358,1
9361,1
9369,2
9380,1
9385,1
9413,1
9416,3
9444,1
9448,1
9450,1
9461,1
9493,1
9509,2
9510,1
9515,1
9538,1
9546,1
9548,2
9550,1
9564,1
9582,1
9583,1
9588,1
9593,2
9601,6
9612,1
9616,1
9619,4
9640,1
9644,2
9658,1
9661,1
9676,1
9681,1
9682,2
9689,1
9690,1
9710,2
9724,1
9726,1
9729,1
9731,1
9745,1
9746,1
9755,1
9760,1
9761,1
9777,3
9784,2
9790,1
9795,2
9806,1
9816,1
9835,1
9837,1
9840,1
9848,1
9858,1
9861,1
9866,1
9873,1
9874,3
9885,1
9889,3
9899,1
9923,1
9930,1
9933,1
9944,1
9961,1
9963,1
9964,1
9984,1
10025,1
10030,1
10044,3
10045,4
10047,2
10048,1
10052,1
10053,1
10055,1
10072,1
10081,1
10097,1
10120,1
10124,4
10125,1
10131,2
10134,2
10178,4
10184,1
10185,3
10188,1
10195,1
10196,1
10235,1
10253,1
10276,1
10322,1
10330,1
10376,22
10377,15
10378,1
10388,1
10389,1
10400,1
10419,2
10425,3
10426,3
10427,1
10431,2
10432,3
10456,1
10467,1
10489,1
10514,1
10515,1
10518,1
10526,1
10532,1
10544,1
10547,1
10559,2
10568,1
10591,1
10606,1
10628,1
10638,2
10640,1
10642,2
10659,1
10663,1
10664,2
10665,6
10666,1
10684,3
10688,1
10689,1
10706,1
10726,1
10728,1
10731,1
10784,3
10790,1
10791,2
10795,1
10801,1
10806,1
10814,1
10822,2
10838,1
10840,1
10841,3
10848,8
10849,1
10881,1
10885,1
10887,1
10898,1
10901,1
10936,1
10951,1
10969,1
10970,1
10976,1
10984,2
10986,1
11001,1
11010,1
11025,2
11026,1
11029,1
11061,1
11072,1
11109,1
11112,1
11113,2
11116,1
11117,1
11130,1
11156,2
11158,3
11206,2
11213,1
11235,1
11245,1
11294,1
11306,2
11307,1
11312,1
11343,1
11348,1
11362,1
11364,3
11366,1
11378,1
11384,1
11385,1
11407,1
11409,1
11420,3
11421,1
11422,2
11428,1
11450,1
11455,1
11459,1
11461,1
11462,1
11477,1
11485,1
11498,1
11503,1
11510,1
11514,1
11516,1
11521,1
11523,2
11529,1
11541,1
11578,1
11589,1
11600,2
11603,5
11609,4
11610,2
11620,1
11625,2
11638,1
11646,1
11650,1
11652,2
11654,1
11656,1
11693,1
11703,1
11705,1
11711,1
11714,1
11721,1
11723,1
11728,1
11749,3
11753,1
11773,1
11788,1
11789,3
11790,1
11810,1
11812,1
11814,2
11842,1
11845,1
11868,1
11871,1
11885,1
11887,1
11896,1
11897,1
11898,3
11899,3
11901,1
11921,1
11932,1
11936,1
11968,1
11969,1
11973,1
11985,1
12024,1
12038,1
12043,1
12048,1
12060,1
12098,1
12107,1
12112,2
12122,1
12128,1
12146,1
12159,1
12160,1
12186,1
12197,1
12207,1
12213,1
12214,3
12219,1
12236,3
12250,1
12261,2
12288,1
12305,1
12339,1
12344,1
12351,5
12366,1
12367,3
12368,1
12377,1
12384,4
12403,1
12411,1
12417,1
12433,1
12454,1
12466,1
12470,1
12494,2
12528,1
12530,3
12532,1
12540,1
12544,1
12570,1
12607,1
12612,1
12617,2
12618,1
12622,1
12645,1
12653,1
12657,1
12659,1
12661,1
12663,1
12664,6
12665,1
12669,1
12672,1
12674,2
12680,1
12687,2
12693,1
12701,1
12703,1
12708,1
12714,1
12720,1
12729,1
12730,1
12755,1
12771,1
12782,1
12804,1
12845,4
12857,3
12863,2
12869,1
12882,1
12916,2
12925,1
12936,2
12963,1
12974,1
13014,1
13040,2
13052,1
13056,1
13059,1
13063,1
13073,1
13077,1
13078,1
13086,1
13132,1
13142,3
13143,1
13148,1
13171,1
13179,1
13199,1
13209,1
13262,1
13295,1
13303,2
13319,4
13337,1
13347,1
13350,1
13351,1
13377,1
13398,2
13403,1
13413,1
13425,1
13426,1
13430,1
13433,1
13466,1
13508,1
13515,1
13544,3
13581,1
13588,5
13598,1
13629,1
13646,1
13692,1
13722,1
13725,1
13726,1
13737,1
13738,1
13739,2
13811,1
13821,2
13857,1
13858,1
13885,3
13910,1
13911,2
13922,1
13933,2
13935,1
13949,1
13996,1
14043,1
14060,2
14090,2
14120,1
14163,1
14195,1
14231,1
14252,14
14278,2
14279,1
14287,1
14294,1
14309,1
14315,2
14316,1
14318,1
14320,1
14321,1
14322,1
14324,1
14326,1
14330,1
14331,1
14338,1
14368,1
14395,1
14419,1
14446,1
14466,1
14468,1
14506,2
14514,1
14598,1
14599,1
14602,1
14624,1
14645,2
14660,1
14678,9
14691,2
14692,1
14703,7
14863,1
14886,1
14889,1
14972,1
14981,2
14983,4
15003,1
15026,1
15032,1
15067,1
15143,1
15144,1
15172,1
15175,1
15199,1
15212,1
15226,1
15231,1
15237,1
15238,2
15239,2
15324,1
15345,1
15371,1
15372,5
15454,1
15471,2
15472,1
15496,1
15501,1
15519,1
15535,1
15542,1
15564,1
15591,1
15626,1
15633,2
15731,1
15747,1
15751,1
15757,1
15775,2
15781,1
15805,1
15840,3
15895,1
15914,1
15919,1
15948,1
15949,1
15951,2
15965,1
16030,1
16041,1
16057,1
16075,1
16091,1
16112,1
16125,1
16131,1
16160,1
16194,1
16200,1
16208,3
16209,3
16262,1
16311,1
16316,1
16320,1
16350,1
16370,1
16383,1
16384,1
16389,1
16393,2
16411,1
16412,1
16434,1
16449,1
16468,1
16475,1
16545,1
16584,1
16635,1
16668,1
16684,1
16690,1
16698,1
16855,1
16875,2
16932,1
16934,2
16935,1
16947,2
16961,1
16979,1
16986,1
16998,1
17025,3
17082,1
17097,1
17116,2
17126,1
17177,1
17186,1
17223,1
17256,1
17291,1
17332,1
17337,1
17339,1
17343,1
17372,1
17399,1
17414,1
17462,1
17472,1
17480,1
17501,1
17529,1
17600,2
17603,1
17614,1
17646,1
17706,1
17726,1
17729,1
17740,1
17749,1
17787,1
17814,1
17841,1
17856,1
17896,1
17901,1
17903,1
17919,1
17954,1
17961,1
17973,1
18018,1
18033,1
18035,1
18043,1
18046,1
18061,1
18074,1
18078,1
18079,1
18094,1
18107,1
18231,1
18232,1
18247,1
18252,2
18253,1
18273,2
18281,1
18292,1
18314,1
18363,1
18379,1
18515,1
18517,1
18526,1
18532,1
18538,1
18552,1
18613,1
18634,1
18694,1
18760,1
18818,1
18825,1
18850,1
18895,1
18922,1
18950,1
18989,1
19005,1
19019,1
19050,2
19125,1
19152,1
19253,1
19277,1
19326,1
19349,1
19362,1
19371,3
19373,1
19374,2
19376,1
19416,1
19448,1
19545,1
19548,1
19623,1
19667,1
19669,2
19678,1
19679,1
19775,1
19844,1
19849,1
19852,1
19916,2
19917,5
19918,1
19935,2
19937,1
19938,3
19943,1
19954,1
19959,6
19995,1
20016,1
20113,1
20197,1
20265,1
20274,1
20369,1
20387,1
20414,1
20421,1
20429,1
20440,1
20468,5
20475,1
20483,1
20552,1
20594,1
20607,1
20613,1
20679,1
20684,4
20698,1
20702,1
20704,1
20712,1
20714,2
20727,1
20770,1
20777,2
20791,1
20793,15
20794,11
20798,1
20801,2
20803,1
20815,2
20819,3
20820,1
20824,1
20835,1
20867,1
20868,1
20895,1
20899,1
20902,1
20904,1
20910,2
20924,1
20959,1
21019,1
21026,1
21032,1
21042,1
21051,1
21053,1
21054,1
21055,1
21069,1
21082,1
21252,1
21257,1
21316,1
21336,1
21423,2
21493,1
21537,2
21543,1
21546,1
21551,1
21570,1
21575,1
21588,1
21611,1
21629,2
21649,1
21657,1
21688,1
21726,1
21744,1
21768,1
21864,2
21878,1
21930,1
21985,1
22007,1
22010,1
22032,1
22067,1
22074,1
22091,1
22141,1
22166,1
22237,1
22375,1
22385,2
22394,1
22416,1
22440,2
22449,2
22488,1
22527,1
22537,1
22547,1
22557,1
22558,1
22617,1
22698,1
22760,1
22981,1
22989,1
22990,4
22999,5
23005,1
23014,1
23016,1
23018,1
23025,1
23036,1
23045,1
23046,1
23048,1
23051,1
23055,1
23057,1
23091,1
23092,1
23099,1
23181,2
23189,1
23190,1
23242,1
23251,1
23358,1
23528,1
23568,1
23581,1
23587,1
23612,2
23621,1
23653,1
23655,3
23661,1
23724,1
23725,1
23728,2
23776,1
23825,1
23851,2
23859,1
23872,1
23892,1
23896,1
23947,1
23964,1
24133,1
24163,2
24164,1
24245,1
24455,2
24456,1
24565,1
24588,1
24591,2
24601,1
24641,1
24669,1
24679,3
24695,1
24758,1
24779,1
24780,1
24850,1
24881,1
25034,1
25063,1
25085,1
25099,1
25123,1
25125,4
25126,3
25130,2
25240,1
25247,1
25484,1
25491,1
25528,1
25562,1
25663,1
25674,2
25791,1
25830,1
25854,1
25864,1
25943,1
25988,1
25995,1
26019,1
26057,1
26058,1
26065,1
26067,1
26073,3
26074,1
26075,2
26164,1
26166,1
26202,1
26287,1
26465,1
26530,1
26531,1
26642,1
26643,1
26677,1
26682,1
26690,1
26814,1
26867,4
26926,1
26937,1
27094,3
27108,1
27130,1
27178,1
27362,1
27370,1
27403,2
27485,1
27490,1
27557,1
27713,1
27714,3
27832,1
27842,1
27900,1
27942,1
27979,1
28012,1
28138,3
28139,8
28140,1
28141,3
28142,4
28143,3
28164,1
28193,1
28285,1
28553,2
28702,1
28821,1
29139,1
29261,1
29303,1
29312,2
29316,2
29408,1
29619,1
29786,1
29874,1
29892,1
30021,1
30022,1
30052,1
30092,1
30128,1
30162,1
30163,2
30192,1
30220,3
30225,1
30237,1
30484,1
30532,1
30559,5
30567,1
30644,1
30655,2
30661,1
30697,1
30706,1
30708,3
30709,2
30726,1
30845,1
31029,1
31055,1
31062,1
31095,2
31277,1
31332,2
31371,1
31600,1
31797,1
31855,1
31928,1
32095,1
32114,1
32123,1
32191,1
32495,1
32869,1
32879,1
32998,1
33188,1
33631,1
33641,1
33674,1
33999,1
34227,3
34296,2
34697,1
34743,1
34810,1
34811,1
34826,1
34984,1
35141,1
35153,1
35164,1
35220,1
35249,1
35308,1
35353,2
35655,1
35657,1
35780,1
35978,1
36068,1
36125,1
36136,1
36364,1
36444,1
36742,1
36756,1
36902,1
37201,1
37499,1
37506,1
37636,1
37897,1
38090,1
38635,1
38680,1
38838,1
39016,1
39352,1
39502,1
39677,1
39958,2
40020,1
40110,1
40349,1
40509,1
40517,1
40647,1
40808,1
41035,1
41125,2
41318,2
41509,1
41585,1
41733,1
41751,1
41816,2
42794,1
42864,1
42883,1
43042,1
43211,1
44099,1
44104,1
44189,1
44276,1
44919,1
45128,2
46565,1
46688,1
46855,2
46952,1
46958,1
47219,1
47568,1
47841,1
48733,1
48873,1
49082,1
49428,1
49429,1
51564,1
51629,2
51655,1
51719,1
52222,3
52615,1
52618,1
52627,2
53227,1
54872,1
54898,1
55660,1
55701,1
55709,1
55795,1
55814,1
56037,1
56091,1
56642,1
56701,1
57487,1
57723,1
58031,1
58414,1
59497,1
59734,1
59735,1
59762,1
61099,1
63334,1
63485,2
63715,1
64210,1
65906,1
65914,1
66036,1
69437,1
69502,1
74808,1
76586,1
77273,1
77326,1
77519,1
77527,1
80813,1
81658,4
81944,2
83173,1
83213,1
83342,1
83369,1
85723,1
100689,3
100711,4
